{"cameraMode":{"drawMode":0,"name":"Shaded","section":"Shading Mode"},"sceneLighting":true,"audioPlay":false,"sceneViewState":{"showFog":true,"showMaterialUpdate":false,"showSkybox":true,"showFlares":true,"showImageEffects":true,"showParticleSystems":true},"in2DMode":false,"pivot":{"x":0.3020133674144745,"y":1.3517783880233765,"z":-1.5659183263778687},"rotation":{"x":-0.06623349338769913,"y":0.02934427745640278,"z":-0.0019396219868212939,"w":-0.9973766803741455},"size":0.90739506483078,"orthographic":false}