{"cameraMode":{"drawMode":0,"name":"Shaded","section":"Shading Mode"},"sceneLighting":false,"audioPlay":false,"sceneViewState":{"showFog":true,"showMaterialUpdate":false,"showSkybox":false,"showFlares":true,"showImageEffects":true,"showParticleSystems":true},"in2DMode":false,"pivot":{"x":2.110696792602539,"y":1.129009485244751,"z":14.534086227416993},"rotation":{"x":0.05021382123231888,"y":-0.09215914458036423,"z":0.007985339500010014,"w":0.9951642155647278},"size":7.825826644897461,"orthographic":false}